datetime,date,account_type,category,type,asset_class,name,symbol,shares,price,amount,fee,tax,currency,original_amount,original_currency,fx_rate,description,transaction_id,counterparty_name,counterparty_iban,payment_reference,mcc_code
2025-02-21T19:48:01.490047Z,2025-02-21,DEFAULT,CASH,TRANSFER_INSTANT_INBOUND,,,,,,50,,,EUR,,,,Incoming transfer from M. CHARPENTIER NOLAN,25f6ef29-0faf-4596-899c-4d9b62f5f8dd,,,,
2025-02-21T19:58:35.878318Z,2025-02-21,PEA,CASH,PEA_MARKETING,,,,,,1,,,EUR,,,,PEA activation,37ea9c65-bd5c-459a-aa38-881d745771f5,,,,
2025-02-24T10:52:01.830Z,2025-02-24,PEA,TRADING,BUY,FUND,S&P 500 EUR (Acc),FR0011550185,1,28.926,-28.93,-1,,EUR,,,,"Buy trade FR0011550185 BNP PARIBAS EASY FR - BNP PARIBAS EASY S&P 500 UCITS ETF EUR C CAPITALISATION, quantity: 1",dad2ae2f-21f4-4335-a184-376569bac917,,,,
2025-02-24T12:19:55.460763Z,2025-02-24,PEA,CASH,TRANSFER_IN,,,,,,28.93,,,EUR,,,,Versement PEA,e94e8aa1-41d9-4eee-b40d-d3df65a25fa4,,,,
2025-02-24T12:19:55.508054Z,2025-02-24,DEFAULT,CASH,TRANSFER_OUT,,,,,,-28.93,,,EUR,,,,Versement PEA,8fc444b8-2afe-4022-b5b9-59dee71fadf1,,,,
2025-03-01T10:06:28.484814Z,2025-03-01,DEFAULT,CASH,INTEREST_PAYMENT,,,,,,0.01,,,EUR,,,,Interest payment Booking,e6dd3d25-dc26-4c81-bdd2-8f8135953761,,,,
2025-03-03T10:17:44.722Z,2025-03-03,PEA,TRADING,BUY,FUND,MSCI World Swap PEA EUR (Acc),IE0002XZSHO1,2,5.86,-11.72,,,EUR,,,,"Savings plan execution IE0002XZSHO1 iShares VI plc - iShares MSCI World Swap PEA UCITS ETF EUR (Acc), quantity: 2",66b58494-4588-4bee-a198-766d0fcad6c4,,,,
2025-03-03T11:44:53.846441Z,2025-03-03,DEFAULT,CASH,TRANSFER_OUT,,,,,,-11.72,,,EUR,,,,Versement PEA,b4e19aa0-9157-4ed3-ae8f-92d125f6d582,,,,
2025-03-03T12:27:59.365844Z,2025-03-03,PEA,CASH,TRANSFER_IN,,,,,,11.72,,,EUR,,,,Versement PEA,72e45f06-abae-4b92-87cd-1f59fc65883b,,,,
2025-03-03T08:50:26.870894Z,2025-03-03,DEFAULT,CASH,TRANSFER_INBOUND,,,,,,13,,,EUR,,,,Incoming transfer from M.       CHARPENTIER NOLAN,dcc1cce0-c90b-4aa9-aa31-0b5a0d7d07e5,,,,
2025-03-20T16:08:01.082227Z,2025-03-20,PEA,CASH,MANUAL_CASH_TRANSFER,,,,,,0.85,,,EUR,,,,Remboursement de frais,2bcfd873-7b65-4e86-a173-e6a8b4b9916d,,,,
2025-03-25T15:58:42.163489Z,2025-03-25,PEA,CASH,MANUAL_CASH_TRANSFER,,,,,,0.01,,,EUR,,,,Remboursement de frais,0a517e00-026b-45bd-9088-552dbef90165,,,,
2025-04-01T08:45:39.885722Z,2025-04-01,DEFAULT,CASH,INTEREST_PAYMENT,,,,,,0.05,,-0.01,EUR,,,,Interest payment Booking,9f6f5aef-c84f-4577-bebd-cec760210ed0,,,,
2025-04-02T08:57:36.207Z,2025-04-02,PEA,TRADING,BUY,FUND,MSCI World Swap PEA EUR (Acc),IE0002XZSHO1,2,5.394,-10.79,,,EUR,,,,"Savings plan execution IE0002XZSHO1 iShares VI plc - iShares MSCI World Swap PEA UCITS ETF EUR (Acc), quantity: 2",2641be65-bd12-4c2b-997f-efcaec21295d,,,,
2025-04-02T12:38:58.111673Z,2025-04-02,DEFAULT,CASH,TRANSFER_INBOUND,,,,,,13,,,EUR,,,,Incoming transfer from M.       CHARPENTIER NOLAN,9b21521b-6eb5-4967-b95c-5a7c2770f062,,,,
2025-04-02T09:10:39.329080Z,2025-04-02,PEA,CASH,TRANSFER_IN,,,,,,9.93,,,EUR,,,,Versement PEA,4002f024-1dc7-4069-a21c-169c09503533,,,,
2025-04-02T09:10:39.389675Z,2025-04-02,DEFAULT,CASH,TRANSFER_OUT,,,,,,-9.93,,,EUR,,,,Versement PEA,03a29c23-e3d5-460c-a229-e0b4fd5cb703,,,,
2025-04-13T18:46:26.953647Z,2025-04-13,DEFAULT,CASH,TRANSFER_INSTANT_INBOUND,,,,,,20,,,EUR,,,,Incoming transfer from M. CHARPENTIER NOLAN,b819147c-75a0-47b4-9f6d-5cbe21d12c3c,,,,
2025-04-16T09:31:48.894Z,2025-04-16,PEA,TRADING,BUY,STOCK,Engie,FR0010208488,1,18.545,-18.55,,-0.07,EUR,,,,"Savings plan execution FR0010208488 ENGIE S.A. INH.      EO 1, quantity: 1",d9265679-0838-4578-b934-162415f88ac2,,,,
2025-04-16T09:31:56.906258Z,2025-04-16,PEA,CASH,TRANSFER_IN,,,,,,18.62,,,EUR,,,,Versement PEA,fa3a4cd9-1d9b-481d-8135-b4706d54c7e5,,,,
2025-04-16T09:31:56.867119Z,2025-04-16,DEFAULT,CASH,TRANSFER_OUT,,,,,,-18.62,,,EUR,,,,Versement PEA,49d8451d-d9e4-4ff3-b646-c1f6f9a52258,,,,
2025-04-29T15:04:05.162421Z,2025-04-29,PEA,CASH,DIVIDEND,STOCK,Engie,FR0010208488,1,,1.48,,,EUR,,,,Cash Dividend for ISIN FR0010208488,113b24bc-b36b-4495-8661-282d4c7197e6,,,,
2025-04-29T06:42:07.910572Z,2025-04-29,DEFAULT,CASH,TRANSFER_INBOUND,,,,,,52,,,EUR,,,,Incoming transfer from M.       CHARPENTIER NOLAN,e9885c5e-f228-4552-8f29-bb1a5dccb78f,,,,
2025-05-01T00:14:27.590581Z,2025-05-01,DEFAULT,CASH,INTEREST_PAYMENT,,,,,,0.07,,-0.03,EUR,,,,Interest payment Booking,2f88cbb9-88cc-4c35-9016-8807fb939589,,,,
2025-05-02T08:53:32.726Z,2025-05-02,PEA,TRADING,BUY,FUND,MSCI World Swap PEA EUR (Acc),IE0002XZSHO1,2,5.22,-10.44,,,EUR,,,,"Savings plan execution IE0002XZSHO1 iShares VI plc - iShares MSCI World Swap PEA UCITS ETF EUR (Acc), quantity: 2",3a756278-1467-4759-ba1d-3fa42ac649ab,,,,
2025-05-02T09:10:52.306Z,2025-05-02,PEA,TRADING,BUY,STOCK,CrÃ©dit Agricole,FR0000045072,1,16.565,-16.57,,-0.07,EUR,,,,"Savings plan execution FR0000045072 CREDIT AGRICOLE INH. EO 3, quantity: 1",01da8e6b-b1ae-46fa-a270-c4cea6dbbe51,,,,
2025-05-02T09:36:33.272Z,2025-05-02,PEA,TRADING,BUY,STOCK,Engie,FR0010208488,1,18.09,-18.09,,-0.07,EUR,,,,"Savings plan execution FR0010208488 ENGIE S.A. INH.      EO 1, quantity: 1",687006d3-6a86-4cb5-b028-0c4712564b84,,,,
2025-05-02T09:36:38.311615Z,2025-05-02,DEFAULT,CASH,TRANSFER_OUT,,,,,,-18.16,,,EUR,,,,Versement PEA,5bc7574b-3d01-410d-b774-0c0f78024bca,,,,
2025-05-02T09:19:54.923804Z,2025-05-02,DEFAULT,CASH,TRANSFER_OUT,,,,,,-8.96,,,EUR,,,,Versement PEA,5d89b3d5-8598-4686-a759-690b1b4fd7fc,,,,
2025-05-02T09:19:54.890945Z,2025-05-02,PEA,CASH,TRANSFER_IN,,,,,,8.96,,,EUR,,,,Versement PEA,089fca61-e3c6-45fc-aec2-7bbe9898f180,,,,
2025-05-02T09:36:38.350761Z,2025-05-02,PEA,CASH,TRANSFER_IN,,,,,,18.16,,,EUR,,,,Versement PEA,ea368ad6-ff9a-4c42-843d-5c8b4f2d5fc7,,,,
2025-05-02T09:26:26.692880Z,2025-05-02,PEA,CASH,TRANSFER_IN,,,,,,16.64,,,EUR,,,,Versement PEA,1b97b9ca-e9a5-4de0-a8dc-4eb938ab97e7,,,,
2025-05-02T09:26:26.625639Z,2025-05-02,DEFAULT,CASH,TRANSFER_OUT,,,,,,-16.64,,,EUR,,,,Versement PEA,554d8ae1-e415-4f6e-9389-27361284cc8f,,,,
2025-05-28T17:14:44.257100Z,2025-05-28,PEA,CASH,DIVIDEND,STOCK,CrÃ©dit Agricole,FR0000045072,1,,1.1,,,EUR,,,,Cash Dividend for ISIN FR0000045072,4695e524-6644-4a04-8932-2efdc6ddccfe,,,,
2025-05-30T06:45:24.259289Z,2025-05-30,DEFAULT,CASH,TRANSFER_INBOUND,,,,,,65,,,EUR,,,,Incoming transfer from M.       CHARPENTIER NOLAN,a43a78e2-659d-4a3d-bbd0-4add6b4cb6c5,,,,
2025-06-01T07:01:01.038586Z,2025-06-01,DEFAULT,CASH,INTEREST_PAYMENT,,,,,,0.07,,-0.03,EUR,,,,Interest payment Booking,8b7d4dde-75c5-4a38-98c9-6464fc3a1a3a,,,,
2025-06-02T09:02:12.161Z,2025-06-02,PEA,TRADING,BUY,FUND,MSCI World Swap PEA EUR (Acc),IE0002XZSHO1,5,5.421,-27.11,,,EUR,,,,"Savings plan execution IE0002XZSHO1 iShares VI plc - iShares MSCI World Swap PEA UCITS ETF EUR (Acc), quantity: 5",39346279-d38c-4f14-8931-788761b5a544,,,,
2025-06-02T09:30:18.359Z,2025-06-02,PEA,TRADING,BUY,STOCK,CrÃ©dit Agricole,FR0000045072,1,16.045,-16.05,,-0.06,EUR,,,,"Savings plan execution FR0000045072 CREDIT AGRICOLE INH. EO 3, quantity: 1",852a6e4d-2d78-4327-bbaa-cf142a7eefc9,,,,
2025-06-02T09:48:45.621Z,2025-06-02,PEA,TRADING,BUY,STOCK,Engie,FR0010208488,1,19.06,-19.06,,-0.08,EUR,,,,"Savings plan execution FR0010208488 ENGIE S.A. INH.      EO 1, quantity: 1",8dc7f55a-9d53-424d-a737-fac688ef2d30,,,,
2025-06-02T10:54:26.796668Z,2025-06-02,PEA,CASH,TRANSFER_IN,,,,,,26.01,,,EUR,,,,Versement PEA,03655a9e-d16b-4fc2-8c72-448a692828d4,,,,
2025-06-02T10:54:26.751166Z,2025-06-02,DEFAULT,CASH,TRANSFER_OUT,,,,,,-26.01,,,EUR,,,,Versement PEA,1bb683b5-6a60-4e0d-82d3-55bdf877f3d2,,,,
2025-06-02T10:57:24.129584Z,2025-06-02,PEA,CASH,TRANSFER_IN,,,,,,16.11,,,EUR,,,,Versement PEA,f7f8fa6b-0607-417d-977c-c9b858dbc7f6,,,,
2025-06-02T11:06:19.629432Z,2025-06-02,PEA,CASH,TRANSFER_IN,,,,,,19.14,,,EUR,,,,Versement PEA,a12e499f-d655-4353-b374-e18c587773b8,,,,
2025-06-02T11:06:19.596842Z,2025-06-02,DEFAULT,CASH,TRANSFER_OUT,,,,,,-19.14,,,EUR,,,,Versement PEA,6d3fd13d-a63b-4595-b99e-581f5084a976,,,,
2025-06-02T10:57:24.095417Z,2025-06-02,DEFAULT,CASH,TRANSFER_OUT,,,,,,-16.11,,,EUR,,,,Versement PEA,89b64097-c98d-4954-be93-473c0bcbb321,,,,
2025-06-30T07:25:06.999109Z,2025-06-30,DEFAULT,CASH,TRANSFER_INBOUND,,,,,,65,,,EUR,,,,Incoming transfer from M.       CHARPENTIER NOLAN,42268a33-eceb-42e4-9b60-bc48a240ba39,,,,
2025-07-01T01:11:33.293728Z,2025-07-01,DEFAULT,CASH,INTEREST_PAYMENT,,,,,,0.08,,-0.03,EUR,,,,Interest payment for payout collection fb9cd89d-b17b-4344-9d88-80ded61442dc,0e0c26f8-7628-4d5b-aecd-4d3ef484233a,,,,
2025-07-02T09:01:50.894Z,2025-07-02,PEA,TRADING,BUY,FUND,MSCI World Swap PEA EUR (Acc),IE0002XZSHO1,5,5.508,-27.54,,,EUR,,,,"Savings plan execution IE0002XZSHO1 iShares VI plc - iShares MSCI World Swap PEA UCITS ETF EUR (Acc), quantity: 5",711e8da0-0604-4839-9ce0-ea8091883d33,,,,
2025-07-02T09:08:54.706Z,2025-07-02,PEA,TRADING,BUY,STOCK,CrÃ©dit Agricole,FR0000045072,1,16.285,-16.29,,-0.07,EUR,,,,"Savings plan execution FR0000045072 CREDIT AGRICOLE INH. EO 3, quantity: 1",1e2548e1-3b55-4f9d-ad87-63c252f0b63f,,,,
2025-07-02T09:38:09.392Z,2025-07-02,PEA,TRADING,BUY,STOCK,Engie,FR0010208488,1,19.96,-19.96,,-0.08,EUR,,,,"Savings plan execution FR0010208488 ENGIE S.A. INH.      EO 1, quantity: 1",f1334af0-30d3-46bb-aa60-775628dee7e9,,,,
2025-07-02T10:04:44.995171Z,2025-07-02,PEA,CASH,TRANSFER_IN,,,,,,27.54,,,EUR,,,,Versement PEA,94789bcb-f58e-4ced-b615-72ae924b4255,,,,
2025-07-02T10:14:45.729632Z,2025-07-02,PEA,CASH,TRANSFER_IN,,,,,,16.36,,,EUR,,,,Versement PEA,b1d4f8ee-90ef-44f6-b013-e88060a6b3a2,,,,
2025-07-02T10:04:45.064529Z,2025-07-02,DEFAULT,CASH,TRANSFER_OUT,,,,,,-27.54,,,EUR,,,,Versement PEA,8ad4b8fd-c95d-4fc0-bae4-a7f0cee3b8c8,,,,
2025-07-02T10:34:56.980833Z,2025-07-02,DEFAULT,CASH,TRANSFER_OUT,,,,,,-20.04,,,EUR,,,,Versement PEA,4b036152-68e5-44a2-84a0-548611a86575,,,,
2025-07-02T10:14:45.812418Z,2025-07-02,DEFAULT,CASH,TRANSFER_OUT,,,,,,-16.36,,,EUR,,,,Versement PEA,3e8ea87c-6333-4201-a653-44c849cf95c9,,,,
2025-07-02T10:34:56.893214Z,2025-07-02,PEA,CASH,TRANSFER_IN,,,,,,20.04,,,EUR,,,,Versement PEA,d9150e13-21a9-4c7d-949b-71bfe837e305,,,,
2025-07-30T06:33:27.927922Z,2025-07-30,DEFAULT,CASH,TRANSFER_INBOUND,,,,,,65,,,EUR,,,,Incoming transfer from M.       CHARPENTIER NOLAN,642f77f2-ef5c-4083-bbaa-6ad38b06a50c,,,,
2025-08-01T13:03:11.051069Z,2025-08-01,DEFAULT,CASH,INTEREST_PAYMENT,,,,,,0.08,,-0.03,EUR,,,,Interest payment for payout collection 01986328-8b05-78d7-b5c0-438506fa108c,88f68d3a-90e8-41a3-b0bd-4cea2de50e8f,,,,
2025-08-04T08:41:25.107Z,2025-08-04,PEA,TRADING,BUY,FUND,MSCI World Swap PEA EUR (Acc),IE0002XZSHO1,5,5.648,-28.24,,,EUR,,,,"Savings plan execution IE0002XZSHO1 iShares VI plc - iShares MSCI World Swap PEA UCITS ETF EUR (Acc), quantity: 5",e2ec067b-d339-4eed-a3c4-4b893674d5d8,,,,
2025-08-04T09:00:04.929Z,2025-08-04,PEA,TRADING,BUY,STOCK,CrÃ©dit Agricole,FR0000045072,2,16.08,-32.16,,-0.13,EUR,,,,"Savings plan execution FR0000045072 CREDIT AGRICOLE INH. EO 3, quantity: 2",7538394b-e864-4830-8830-dbc3ec2d075d,,,,
2025-08-04T09:29:18.084Z,2025-08-04,PEA,TRADING,BUY,STOCK,Engie,FR0010208488,2,19.08,-38.16,,-0.15,EUR,,,,"Savings plan execution FR0010208488 ENGIE S.A. INH.      EO 1, quantity: 2",03be8467-4978-4086-a257-242e09f96779,,,,
2025-08-04T09:56:07.410733Z,2025-08-04,DEFAULT,CASH,TRANSFER_OUT,,,,,,-28.24,,,EUR,,,,Versement PEA,f96d9e96-8903-4845-b129-eff2ffe6d1ab,,,,
2025-08-04T10:49:13.582960Z,2025-08-04,PEA,CASH,TRANSFER_IN,,,,,,32.29,,,EUR,,,,Versement PEA,826a5755-7b06-44bb-9e06-ea304f0ead41,,,,
2025-08-04T10:49:13.664142Z,2025-08-04,DEFAULT,CASH,TRANSFER_OUT,,,,,,-32.29,,,EUR,,,,Versement PEA,a0ea59e4-0f01-477d-90d1-c79921b4f7fb,,,,
2025-08-04T10:57:42.007344Z,2025-08-04,DEFAULT,CASH,TRANSFER_OUT,,,,,,-38.31,,,EUR,,,,Versement PEA,9875f58d-4c2c-4ff1-89ec-6d481fbb773c,,,,
2025-08-04T10:57:41.965717Z,2025-08-04,PEA,CASH,TRANSFER_IN,,,,,,38.31,,,EUR,,,,Versement PEA,9f2b3734-a939-4228-868f-fdaf78e4c861,,,,
2025-08-04T09:56:07.500928Z,2025-08-04,PEA,CASH,TRANSFER_IN,,,,,,28.24,,,EUR,,,,Versement PEA,4977cac8-2c97-4cad-acc0-81c7c7adf45a,,,,
2025-08-29T06:52:57.381417Z,2025-08-29,DEFAULT,CASH,TRANSFER_INBOUND,,,,,,80,,,EUR,,,,Incoming transfer from M.       CHARPENTIER NOLAN,07d70661-1f85-4ae9-8fb6-ac490b456043,,,,
2025-09-01T11:12:44.569295Z,2025-09-01,DEFAULT,CASH,INTEREST_PAYMENT,,,,,,0.04,,-0.01,EUR,,,,Interest payment for payout collection 019902c8-8e7c-70ee-a158-90db99bb6ff9,74a7b820-4838-4e6f-8952-a64b42b08a64,,,,
2025-09-02T08:43:03.612Z,2025-09-02,PEA,TRADING,BUY,FUND,MSCI World Swap PEA EUR (Acc),IE0002XZSHO1,5,5.744,-28.72,,,EUR,,,,"Savings plan execution IE0002XZSHO1 iShares VI plc - iShares MSCI World Swap PEA UCITS ETF EUR (Acc), quantity: 5",47881e38-142f-43a4-ad98-41fac3680ffa,,,,
2025-09-02T09:11:29.853Z,2025-09-02,PEA,TRADING,BUY,STOCK,CrÃ©dit Agricole,FR0000045072,2,15.425,-30.85,,-0.12,EUR,,,,"Savings plan execution FR0000045072 CREDIT AGRICOLE INH. EO 3, quantity: 2",d1e45a1b-ec43-45da-8b7b-f229109e2ea8,,,,
2025-09-02T09:31:15.514Z,2025-09-02,PEA,TRADING,BUY,STOCK,Engie,FR0010208488,1,17.44,-17.44,,-0.07,EUR,,,,"Savings plan execution FR0010208488 ENGIE S.A. INH.      EO 1, quantity: 1",8314a42f-e769-487b-b4d3-416e95a3924d,,,,
2025-09-02T10:02:10.923277Z,2025-09-02,DEFAULT,CASH,TRANSFER_OUT,,,,,,-30.97,,,EUR,,,,Versement PEA,57b0652f-6511-4a2c-ba47-2a312abaf798,,,,
2025-09-02T09:29:53.952544Z,2025-09-02,DEFAULT,CASH,TRANSFER_OUT,,,,,,-28.72,,,EUR,,,,Versement PEA,c2cb9dc3-f16c-4dce-aedb-e70056462f71,,,,
2025-09-02T10:18:25.993629Z,2025-09-02,PEA,CASH,TRANSFER_IN,,,,,,17.51,,,EUR,,,,Versement PEA,837413b8-eed2-4e1e-9ed8-3b87a5234881,,,,
2025-09-02T10:18:26.136566Z,2025-09-02,DEFAULT,CASH,TRANSFER_OUT,,,,,,-17.51,,,EUR,,,,Versement PEA,5f1e6d93-1d30-46fa-907e-8af2729f11f7,,,,
2025-09-02T09:29:55.735738Z,2025-09-02,PEA,CASH,TRANSFER_IN,,,,,,28.72,,,EUR,,,,Versement PEA,fc2937fb-4fea-4577-957c-c5791115198b,,,,
2025-09-02T10:02:10.899464Z,2025-09-02,PEA,CASH,TRANSFER_IN,,,,,,30.97,,,EUR,,,,Versement PEA,d72bbcbd-57ff-42e8-ac18-46bf1ce7ae2f,,,,
2025-09-15T19:29:39.877438Z,2025-09-15,DEFAULT,CASH,TRANSFER_INSTANT_INBOUND,,,,,,100,,,EUR,,,,Incoming transfer from M. CHARPENTIER NOLAN,4192d367-8536-4d09-8dbd-c4213b88defd,,,,
2025-09-15T15:55:27.118240Z,2025-09-15,DEFAULT,CASH,TRANSFER_INSTANT_INBOUND,,,,,,10,,,EUR,,,,Incoming transfer from M. CHARPENTIER NOLAN,39c2ad00-43be-404f-96d5-3e984895ef3b,,,,
2025-09-16T08:25:24.599625Z,2025-09-16,DEFAULT,CASH,CARD_TRANSACTION,,COINBASE RTL-SQJKRL3Q,,,,-10,,,EUR,,,,COINBASE RTL-SQJKRL3Q,c5568a3a-68a8-43de-ad24-0b0ef0c7c38c,,,,6051
2025-09-29T07:08:20.573302Z,2025-09-29,DEFAULT,CASH,TRANSFER_INBOUND,,,,,,80,,,EUR,,,,Incoming transfer from M.       CHARPENTIER NOLAN,f362b794-cd57-4624-9569-a951fb449078,,,,
2025-10-01T01:15:53.486672Z,2025-10-01,DEFAULT,CASH,INTEREST_PAYMENT,,,,,,0.11,,-0.03,EUR,,,,Interest payment for payout collection 01999d3b-c0f4-74d3-ba6a-0ba4831584ad,fc430290-eaf0-4f37-bf0a-ebc2ad47d46c,,,,
2025-10-01T06:30:24.587191Z,2025-10-01,DEFAULT,CASH,CARD_TRANSACTION,,COINBASE,,,,-20,,,EUR,,,,COINBASE,a665b781-97e0-4409-b3bd-a10a485369cf,,,,6051
2025-10-02T09:00:15.377Z,2025-10-02,PEA,TRADING,BUY,FUND,MSCI World Swap PEA EUR (Acc),IE0002XZSHO1,5,5.95,-29.75,,,EUR,,,,"Savings plan execution IE0002XZSHO1 iShares VI plc - iShares MSCI World Swap PEA UCITS ETF EUR (Acc), quantity: 5",241a6883-6b96-4b22-8c38-e26e1d679eb3,,,,
2025-10-02T09:14:34.750Z,2025-10-02,PEA,TRADING,BUY,STOCK,CrÃ©dit Agricole,FR0000045072,1,17.095,-17.1,,-0.07,EUR,,,,"Savings plan execution FR0000045072 CREDIT AGRICOLE INH. EO 3, quantity: 1",74283707-b13e-4b4f-83c0-ea8bcbd5514b,,,,
2025-10-02T09:20:43.841039Z,2025-10-02,DEFAULT,CASH,TRANSFER_OUT,,,,,,-17.17,,,EUR,,,,Versement PEA,6c460a44-949d-4f92-9f0b-9451fb8f7a4c,,,,
2025-10-02T09:00:57.691727Z,2025-10-02,PEA,CASH,TRANSFER_IN,,,,,,29.75,,,EUR,,,,Versement PEA,e921d01f-29da-4739-8d1a-1f6ab855b2c9,,,,
2025-10-02T09:20:43.861478Z,2025-10-02,PEA,CASH,TRANSFER_IN,,,,,,17.17,,,EUR,,,,Versement PEA,9d9980e3-3c74-47aa-9f30-bf7d3eb7794f,,,,
2025-10-02T09:35:56.631Z,2025-10-02,PEA,TRADING,BUY,STOCK,Engie,FR0010208488,1,18.56,-18.56,,-0.07,EUR,,,,"Savings plan execution FR0010208488 ENGIE S.A. INH.      EO 1, quantity: 1",32f76b39-2834-4f46-bfc3-c65da2b17b4f,,,,
2025-10-02T09:36:05.581295Z,2025-10-02,DEFAULT,CASH,TRANSFER_OUT,,,,,,-18.63,,,EUR,,,,Versement PEA,11622957-a3dc-4597-9fcf-64d627e92505,,,,
2025-10-02T09:36:05.621297Z,2025-10-02,PEA,CASH,TRANSFER_IN,,,,,,18.63,,,EUR,,,,Versement PEA,ff5de3db-73db-40f6-91e2-ab59082883d4,,,,
2025-10-02T09:00:57.657504Z,2025-10-02,DEFAULT,CASH,TRANSFER_OUT,,,,,,-29.75,,,EUR,,,,Versement PEA,232b0cd9-cfe6-4f99-8a53-3a4a2dda8e9d,,,,
2025-10-06T09:13:47.277Z,2025-10-06,PEA,TRADING,BUY,STOCK,CrÃ©dit Agricole,FR0000045072,6,16.19,-97.14,-0.49,-0.39,EUR,,,,"Buy trade FR0000045072 CREDIT AGRICOLE INH. EO 3, quantity: 6",0ee0a617-c154-4cda-94d2-f3586174e7f2,,,,
2025-10-06T09:13:51.949376Z,2025-10-06,DEFAULT,CASH,TRANSFER_OUT,,,,,,-98.02,,,EUR,,,,Versement PEA,d1256278-37b7-4f72-8c94-9ed478665c2d,,,,
2025-10-06T09:13:51.984317Z,2025-10-06,PEA,CASH,TRANSFER_IN,,,,,,98.02,,,EUR,,,,Versement PEA,54656c36-69fc-4207-8399-25fed955fed8,,,,
2025-10-11T22:22:03.481287Z,2025-10-12,DEFAULT,CASH,TRANSFER_INSTANT_INBOUND,,,,,,20,,,EUR,,,,Incoming transfer from M. CHARPENTIER NOLAN,70c1ede8-14c3-4fb2-be59-32c03cee7ae0,,,,
2025-10-12T11:20:27.341963Z,2025-10-12,DEFAULT,CASH,CARD_TRANSACTION,,COINBASE RTL-UCS2CWWU,,,,-25,,,EUR,,,,COINBASE RTL-UCS2CWWU,ee9ceaf0-11fe-4a73-89da-365d02e56d2b,,,,6051
2025-10-29T07:38:48.506319Z,2025-10-29,DEFAULT,CASH,TRANSFER_INBOUND,,,,,,80,,,EUR,,,,Incoming transfer from M.       CHARPENTIER NOLAN,71dd58b2-90f1-486c-9ae9-243f2a022402,,,,
2025-10-30T15:39:06.265Z,2025-10-30,PEA,TRADING,BUY,STOCK,CrÃ©dit Agricole,FR0000045072,10,15.54,-155.4,-0.78,-0.62,EUR,,,,"Buy trade FR0000045072 CREDIT AGRICOLE INH. EO 3, quantity: 10",d4fac624-fd74-4117-9f74-ea515f75a01b,,,,
2025-10-30T15:39:16.459958Z,2025-10-30,PEA,CASH,TRANSFER_IN,,,,,,156.8,,,EUR,,,,Versement PEA,aba9eb12-01c7-4db4-a886-af97cab89472,,,,
2025-10-30T15:36:29.302846Z,2025-10-30,DEFAULT,CASH,TRANSFER_INSTANT_INBOUND,,,,,,160,,,EUR,,,,Incoming transfer from M. CHARPENTIER NOLAN,8c89fd07-65c1-46fd-8da7-87ce9937324d,,,,
2025-10-30T15:39:16.364214Z,2025-10-30,DEFAULT,CASH,TRANSFER_OUT,,,,,,-156.8,,,EUR,,,,Versement PEA,f2406036-9c52-4ad5-b73b-1deddcfb7610,,,,
2025-11-01T02:10:54.801587Z,2025-11-01,DEFAULT,CASH,INTEREST_PAYMENT,,,,,,0.05,,-0.01,EUR,,,,Interest payment for payout collection 019a3d23-c239-7bca-9e76-3a965699999f,1846ec31-9df6-485f-8694-c76270d0d18a,,,,
2025-11-03T10:06:57.168Z,2025-11-03,PEA,TRADING,BUY,FUND,MSCI World Swap PEA EUR (Acc),IE0002XZSHO1,6,6.168,-37.01,,,EUR,,,,"Savings plan execution IE0002XZSHO1 iShares VI plc - iShares MSCI World Swap PEA UCITS ETF EUR (Acc), quantity: 6",c6ab5227-6f5c-45a9-b5be-1306e9dd579a,,,,
2025-11-03T10:17:30.328Z,2025-11-03,PEA,TRADING,BUY,STOCK,CrÃ©dit Agricole,FR0000045072,1,15.695,-15.7,,-0.06,EUR,,,,"Savings plan execution FR0000045072 CREDIT AGRICOLE INH. EO 3, quantity: 1",f4b6ed48-8979-4ebc-8c4a-5ef5e8f577b0,,,,
2025-11-03T10:22:37.761892Z,2025-11-03,PEA,CASH,TRANSFER_IN,,,,,,15.76,,,EUR,,,,Versement PEA,f76876b8-0a20-4e22-8db9-fdb5e7f276ef,,,,
2025-11-03T10:26:51.394723Z,2025-11-03,PEA,CASH,TRANSFER_IN,,,,,,37.01,,,EUR,,,,Versement PEA,bde9a91e-f6b9-40b4-9236-37a69c524e95,,,,
2025-11-03T10:42:55.603Z,2025-11-03,PEA,TRADING,BUY,STOCK,Engie,FR0010208488,1,20.45,-20.45,,-0.08,EUR,,,,"Savings plan execution FR0010208488 ENGIE S.A. INH.      EO 1, quantity: 1",c45b8f75-8c51-4612-a473-614c2938ac13,,,,
2025-11-03T10:43:10.922871Z,2025-11-03,DEFAULT,CASH,TRANSFER_OUT,,,,,,-20.53,,,EUR,,,,Versement PEA,543c3ba4-625b-43dd-a2cd-aa39987a90bb,,,,
2025-11-03T10:22:37.761919Z,2025-11-03,DEFAULT,CASH,TRANSFER_OUT,,,,,,-15.76,,,EUR,,,,Versement PEA,4a5148b3-2338-4e6b-8e41-610236ef9494,,,,
2025-11-03T10:26:51.368553Z,2025-11-03,DEFAULT,CASH,TRANSFER_OUT,,,,,,-37.01,,,EUR,,,,Versement PEA,7b2dfe55-58de-4062-b3bf-abdacf4e22b7,,,,
2025-11-03T10:43:10.971698Z,2025-11-03,PEA,CASH,TRANSFER_IN,,,,,,20.53,,,EUR,,,,Versement PEA,e18adf4f-8e96-4e62-bedf-8e15ccbc5c43,,,,
2025-11-21T19:29:49.731632Z,2025-11-21,DEFAULT,CASH,TRANSFER_INSTANT_INBOUND,,,,,,420,,,EUR,,,,Incoming transfer from NOLAN CHARPENTIER,c4162ba7-af48-463b-ae1c-aef15363b39d,,,,
2025-11-28T08:01:07.184826Z,2025-11-28,DEFAULT,CASH,TRANSFER_INBOUND,,,,,,80,,,EUR,,,,Incoming transfer from M.       CHARPENTIER NOLAN (FR7616606000198489195067495),019ac97a-ea70-79c0-8d2a-5991bc4dc0a1,,,,
2025-12-01T02:19:38.864654Z,2025-12-01,DEFAULT,CASH,INTEREST_PAYMENT,,,,,,0.27,,-0.07,EUR,,,,Interest payment for payout collection 019ad7a7-f097-7bd9-b8b7-49fc0709e300,019ad7b5-5df0-70d2-97f7-e7bc2b9767eb,,,,
2025-12-02T09:36:55.384Z,2025-12-02,PEA,TRADING,BUY,FUND,MSCI World Swap PEA EUR (Acc),IE0002XZSHO1,6,6.1,-36.6,,,EUR,,,,"Savings plan execution IE0002XZSHO1 iShares VI plc - iShares MSCI World Swap PEA UCITS ETF EUR (Acc), quantity: 6",5f8fa9d4-c901-493b-9122-7df6fa583679,,,,
2025-12-02T10:15:10.051Z,2025-12-02,PEA,TRADING,BUY,STOCK,CrÃ©dit Agricole,FR0000045072,1,16.815,-16.82,,-0.07,EUR,,,,"Savings plan execution FR0000045072 CREDIT AGRICOLE INH. EO 3, quantity: 1",700f3ad9-6428-4da1-b977-089521485658,,,,
2025-12-02T10:25:00.080423Z,2025-12-02,PEA,CASH,TRANSFER_IN,,,,,,16.89,,,EUR,,,,Versement PEA,019ade98-14b0-73e6-8d21-37078233d31c,,,,
2025-12-02T10:36:46.636Z,2025-12-02,PEA,TRADING,BUY,STOCK,Engie,FR0010208488,1,21.71,-21.71,,-0.09,EUR,,,,"Savings plan execution FR0010208488 ENGIE S.A. INH.      EO 1, quantity: 1",7a759126-2f82-4008-9678-3497f1fb2006,,,,
2025-12-02T10:47:00.696700Z,2025-12-02,DEFAULT,CASH,TRANSFER_OUT,,,,,,-21.8,,,EUR,,,,Versement PEA,019adeac-3b58-7b84-98ec-10669f5c7f71,,,,
2025-12-02T09:39:27.377854Z,2025-12-02,PEA,CASH,TRANSFER_IN,,,,,,36.6,,,EUR,,,,Versement PEA,019ade6e-6211-741c-a692-f1d9c2834c65,,,,
2025-12-02T10:25:00.117212Z,2025-12-02,DEFAULT,CASH,TRANSFER_OUT,,,,,,-16.89,,,EUR,,,,Versement PEA,019ade98-14d5-718e-9bea-0e9584e4f28d,,,,
2025-12-02T10:47:00.327132Z,2025-12-02,PEA,CASH,TRANSFER_IN,,,,,,21.8,,,EUR,,,,Versement PEA,019adeac-39e7-7b7a-b7e3-26798cfe468d,,,,
2025-12-02T09:39:27.327883Z,2025-12-02,DEFAULT,CASH,TRANSFER_OUT,,,,,,-36.6,,,EUR,,,,Versement PEA,019ade6e-61df-7475-b3e5-8361c1919def,,,,
2025-12-15T16:38:35.817Z,2025-12-15,PEA,TRADING,BUY,STOCK,Air Liquide,FR0000120073,2,159.56,-319.12,-1,-1.28,EUR,,,,"Buy trade FR0000120073 AIR LIQUIDE INH. EO 5,50, quantity: 2",93d36550-7c0b-46f7-ba5b-115fb5e77bbf,,,,
2025-12-15T16:38:37.921140Z,2025-12-15,PEA,CASH,TRANSFER_IN,,,,,,321.4,,,EUR,,,,Versement PEA,019b22e0-d261-79ff-8562-5cda5da8788f,,,,
2025-12-15T16:38:37.894519Z,2025-12-15,DEFAULT,CASH,TRANSFER_OUT,,,,,,-321.4,,,EUR,,,,Versement PEA,019b22e0-d246-7181-a684-d7aa891307b3,,,,
2025-12-29T07:53:34.952202Z,2025-12-29,DEFAULT,CASH,TRANSFER_INBOUND,,,,,,80,,,EUR,,,,Incoming transfer from M.       CHARPENTIER NOLAN (FR7616606000198489195067495),019b6919-27e8-7b24-bd56-6f6f147db2fa,,,,
2026-01-01T12:42:07.278956Z,2026-01-01,DEFAULT,CASH,INTEREST_PAYMENT,,,,,,0.46,,-0.13,EUR,,,,Interest payment for payout collection 019b77e5-f946-76bc-ba13-aa784d684af5,019b7994-662e-7ea7-b105-2a7e892d9468,,,,
2026-01-02T09:37:49.842Z,2026-01-02,PEA,TRADING,BUY,FUND,MSCI World Swap PEA EUR (Acc),IE0002XZSHO1,7,6.145,-43.02,,,EUR,,,,"Savings plan execution IE0002XZSHO1 iShares VI plc - iShares MSCI World Swap PEA UCITS ETF EUR (Acc), quantity: 7",f2598c2e-cb6a-4942-9b2b-97ae520b1dd7,,,,
2026-01-02T09:38:41.383061Z,2026-01-02,PEA,CASH,TRANSFER_IN,,,,,,43.02,,,EUR,,,,Versement PEA,019b7e12-d267-756a-b317-1fa7fbec461a,,,,
2026-01-02T10:14:46.074Z,2026-01-02,PEA,TRADING,BUY,STOCK,CrÃ©dit Agricole,FR0000045072,1,17.59,-17.59,,-0.07,EUR,,,,"Savings plan execution FR0000045072 CREDIT AGRICOLE INH. EO 3, quantity: 1",4a84811c-0557-4d98-b37b-91a4d9346842,,,,
2026-01-02T10:23:07.839657Z,2026-01-02,DEFAULT,CASH,TRANSFER_OUT,,,,,,-17.66,,,EUR,,,,Versement PEA,019b7e3b-823f-75f0-b5c5-0b89ecddaca9,,,,
2026-01-02T10:41:26.562Z,2026-01-02,PEA,TRADING,BUY,STOCK,Engie,FR0010208488,1,22.69,-22.69,,-0.09,EUR,,,,"Savings plan execution FR0010208488 ENGIE S.A. INH.      EO 1, quantity: 1",005d2d79-4444-4549-99d6-201e8b215a88,,,,
2026-01-02T10:43:49.546959Z,2026-01-02,PEA,CASH,TRANSFER_IN,,,,,,22.78,,,EUR,,,,Versement PEA,019b7e4e-74aa-7abf-a73c-34af162e609a,,,,
2026-01-02T10:23:08.015439Z,2026-01-02,PEA,CASH,TRANSFER_IN,,,,,,17.66,,,EUR,,,,Versement PEA,019b7e3b-82ef-7480-8b64-e4fe50dbb9f9,,,,
2026-01-02T09:38:41.353891Z,2026-01-02,DEFAULT,CASH,TRANSFER_OUT,,,,,,-43.02,,,EUR,,,,Versement PEA,019b7e12-d249-7bbf-b94c-5b5f6b381275,,,,
2026-01-02T10:43:49.494589Z,2026-01-02,DEFAULT,CASH,TRANSFER_OUT,,,,,,-22.78,,,EUR,,,,Versement PEA,019b7e4e-7476-7f99-a77f-42a20e27469a,,,,
2026-01-28T07:28:03.871930Z,2026-01-28,DEFAULT,CASH,TRANSFER_INBOUND,,,,,,80,,,EUR,,,,Incoming transfer from M.       CHARPENTIER NOLAN (FR7616606000198489195067495),019c0380-931f-7e4e-9ad1-69bdc15e900e,,,,
2026-02-01T02:37:41.220359Z,2026-02-01,DEFAULT,CASH,INTEREST_PAYMENT,,,,,,0.21,,-0.04,EUR,,,,Interest payment for payout collection 019c16f8-5efb-7111-a107-8738a06d2727,019c1710-29e4-7524-b1ff-e0f80acd9d47,,,,
2026-02-02T16:02:48.230Z,2026-02-02,PEA,TRADING,BUY,FUND,PEA NASDAQ 100 EUR (Acc),FR0011871110,2,87.28,-174.56,,,EUR,,,,"Savings plan execution FR0011871110 Amundi PEA Nasdaq-100 UCITS ETF Acc, quantity: 2",a5833278-d621-411b-bb1d-6d3739be378c,,,,
2026-02-02T16:36:35.992287Z,2026-02-02,PEA,CASH,TRANSFER_IN,,,,,,174.56,,,EUR,,,,Versement PEA,019c1f36-9218-77ee-8442-67457238b5de,,,,
2026-02-02T16:36:35.893034Z,2026-02-02,DEFAULT,CASH,TRANSFER_OUT,,,,,,-174.56,,,EUR,,,,Versement PEA,019c1f36-91b5-7040-b118-66b3c2844429,,,,
2026-02-26T07:40:34.522846Z,2026-02-26,DEFAULT,CASH,TRANSFER_INBOUND,,,,,,100,,,EUR,,,,Incoming transfer from M.       CHARPENTIER NOLAN (FR7616606000198489195067495),019c98e4-735a-7761-94f3-5e71c9b5ee50,,,,
2026-03-01T04:34:16.890843Z,2026-03-01,DEFAULT,CASH,INTEREST_PAYMENT,,,,,,0.05,,-0.01,EUR,,,,Interest payment for payout collection 019ca737-e5e8-72ce-92f8-a314a805a7bb,019ca7ac-f8ba-77b9-8810-d21e1e6eea36,,,,
2026-03-02T13:01:52.614Z,2026-03-02,PEA,TRADING,BUY,FUND,MSCI World Swap PEA EUR (Acc),IE0002XZSHO1,3,6.202,-18.61,,,EUR,,,,"Savings plan execution IE0002XZSHO1 iShares VI plc - iShares MSCI World Swap PEA UCITS ETF EUR (Acc), quantity: 3",c287595a-825f-4618-a1f4-47fe7de906cd,,,,
2026-03-02T13:27:21.284966Z,2026-03-02,DEFAULT,CASH,TRANSFER_OUT,,,,,,-18.61,,,EUR,,,,Versement PEA,019caebb-5fc4-7f8e-92e5-e0e65d569a93,,,,
2026-03-02T15:17:08.153Z,2026-03-02,PEA,TRADING,BUY,FUND,PEA NASDAQ 100 EUR (Acc),FR0011871110,1,85.14,-85.14,,,EUR,,,,"Savings plan execution FR0011871110 Amundi PEA Nasdaq-100 UCITS ETF Acc, quantity: 1",783e8685-0565-482e-bea2-820edea58def,,,,
2026-03-02T15:49:17.664021Z,2026-03-02,PEA,CASH,TRANSFER_IN,,,,,,85.14,,,EUR,,,,Versement PEA,019caf3d-52e0-7146-a591-7e689c0731d7,,,,
2026-03-02T13:27:21.409204Z,2026-03-02,PEA,CASH,TRANSFER_IN,,,,,,18.61,,,EUR,,,,Versement PEA,019caebb-6041-7cde-bf78-dbaf5e7b29ae,,,,
2026-03-02T15:49:17.614582Z,2026-03-02,DEFAULT,CASH,TRANSFER_OUT,,,,,,-85.14,,,EUR,,,,Versement PEA,019caf3d-52ae-79d8-b9fd-f491c259ac2b,,,,
2026-03-14T15:14:52.105756Z,2026-03-14,DEFAULT,CASH,TRANSFER_INSTANT_INBOUND,,,,,,45,,,EUR,,,,Incoming transfer from M. CHARPENTIER NOLAN (FR7616606000198489195067495),019cecea-1e49-74e3-92c5-1e0e577f929f,,,,
2026-03-16T11:16:02.374Z,2026-03-16,PEA,TRADING,BUY,STOCK,CrÃ©dit Agricole,FR0000045072,3,16.335,-49.01,,-0.2,EUR,,,,"Savings plan execution FR0000045072 CREDIT AGRICOLE INH. EO 3, quantity: 3",dc997797-9d61-415e-96a2-ab623ad00a1e,,,,
2026-03-16T11:54:17.474436Z,2026-03-16,PEA,CASH,TRANSFER_IN,,,,,,49.22,,,EUR,,,,Versement PEA,019cf67f-3402-76e7-9406-0e078a93c0ce,,,,
2026-03-16T11:54:16.646976Z,2026-03-16,DEFAULT,CASH,TRANSFER_OUT,,,,,,-49.22,,,EUR,,,,Versement PEA,019cf67f-30c6-764d-a483-b7338f3f313f,,,,
2026-03-26T12:50:12.426585Z,2026-03-26,DEFAULT,CASH,TRANSFER_INSTANT_INBOUND,,,,,,10,,,EUR,,,,Incoming transfer from M. CHARPENTIER NOLAN (FR7616606000198489195067495),019d2a31-fd4a-75f6-8f53-800f34ec6de5,,,,
2026-03-26T07:28:16.629821Z,2026-03-26,DEFAULT,CASH,TRANSFER_INBOUND,,,,,,100,,,EUR,,,,Incoming transfer from M.       CHARPENTIER NOLAN (FR7616606000198489195067495),019d290b-40f5-7d15-ab84-bd6baed11b9a,,,,
2026-03-31T10:20:24.044168Z,2026-03-31,DEFAULT,CASH,INTEREST_PAYMENT,,,,,,0,,-0.07,EUR,,,,Interest tax correction for January 2026 Payout,019d4368-a26c-7a22-9d8e-168383c65221,,,,
2026-03-31T09:31:03.947488Z,2026-03-31,DEFAULT,CASH,INTEREST_PAYMENT,,,,,,0,,0.13,EUR,,,,Interest tax correction for January 2026 Payout,019d433b-778b-7d04-ad17-a10456dd2290,,,,
2026-03-31T10:20:31.041466Z,2026-03-31,DEFAULT,CASH,INTEREST_PAYMENT,,,,,,0,,-0.01,EUR,,,,Interest tax correction for January 2026 Payout,019d4368-bdc1-7c98-be3c-644a74458734,,,,
2026-04-01T02:59:50.021097Z,2026-04-01,DEFAULT,CASH,INTEREST_PAYMENT,,,,,,0.06,,-0.01,EUR,,,,Interest payment for payout collection 019d46c5-41ad-78ce-b049-c45f704c100e,019d46fb-a485-7b19-a2f4-b9b1c9eac05a,,,,
2026-04-02T08:42:13.866Z,2026-04-02,PEA,TRADING,BUY,FUND,MSCI World Swap PEA EUR (Acc),IE0002XZSHO1,4,6.005,-24.02,,,EUR,,,,"Savings plan execution IE0002XZSHO1 iShares VI plc - iShares MSCI World Swap PEA UCITS ETF EUR (Acc), quantity: 4",5018727a-c211-4079-8d12-d97e5492ac73,,,,
2026-04-02T09:25:48.409800Z,2026-04-02,DEFAULT,CASH,TRANSFER_OUT,,,,,,-24.01,,,EUR,,,,Versement PEA,019d4d83-5ef9-7623-bfbe-75138bffd4cd,,,,
2026-04-02T14:02:30.256Z,2026-04-02,PEA,TRADING,BUY,FUND,PEA NASDAQ 100 EUR (Acc),FR0011871110,1,82.55,-82.55,,,EUR,,,,"Savings plan execution FR0011871110 Amundi PEA Nasdaq-100 UCITS ETF Acc, quantity: 1",bb2fe7a0-b215-45c2-89a4-4f847a57dfc0,,,,
2026-04-02T14:09:08.858447Z,2026-04-02,PEA,CASH,TRANSFER_IN,,,,,,82.55,,,EUR,,,,Versement PEA,019d4e86-c6fa-711a-a5e1-6b97af83a7e6,,,,
2026-04-02T09:25:48.476839Z,2026-04-02,PEA,CASH,TRANSFER_IN,,,,,,24.01,,,EUR,,,,Versement PEA,019d4d83-5f3c-7d67-9988-9a331c9fe41f,,,,
2026-04-02T14:09:08.236729Z,2026-04-02,DEFAULT,CASH,TRANSFER_OUT,,,,,,-82.55,,,EUR,,,,Versement PEA,019d4e86-c48c-7e7e-af24-3e154acf9b4f,,,,
2026-04-16T06:06:57.941Z,2026-04-16,PEA,TRADING,SELL,FUND,S&P 500 EUR (Acc),FR0011550185,-1,30.1,30.1,-0.15,,EUR,,,,"Sell trade FR0011550185 BNP PARIBAS EASY FR - BNP PARIBAS EASY S&P 500 UCITS ETF EUR C CAPITALISATION, quantity: 1",429a5748-06cc-42ea-b2bc-2b861d085d2f,,,,
2026-04-22T23:48:14.135817Z,2026-04-23,DEFAULT,CASH,TRANSFER_INSTANT_INBOUND,,,,,,10,,,EUR,,,,Incoming transfer from NOLAN CHARPENTIER (FR7640618804960004024657274),019db798-22b7-7ad1-adaf-df55cfc658ea,,,,
2026-04-27T06:43:33.429717Z,2026-04-27,DEFAULT,CASH,TRANSFER_INBOUND,,,,,,110,,,EUR,,,,Incoming transfer from M.       CHARPENTIER NOLAN (FR7616606000198489195067495),019dcdad-cfb5-7efc-83cf-3b7897351976,,,,
2026-05-01T02:00:37.876726Z,2026-05-01,DEFAULT,CASH,INTEREST_PAYMENT,,,,,,0.06,,-0.01,EUR,,,,Interest payment for payout collection 019de132-93f4-7a47-930b-602f995f073e,019de144-38f4-7ccd-b236-9ce6cd39e5ee,,,,
2026-05-04T08:41:19.343Z,2026-05-04,PEA,TRADING,BUY,FUND,MSCI World Swap PEA EUR (Acc),IE0002XZSHO1,10,6.4699,-64.7,,,EUR,,,,"Savings plan execution IE0002XZSHO1 iShares VI plc - iShares MSCI World Swap PEA UCITS ETF EUR (Acc), quantity: 10",22e6830c-3f0e-4096-89e4-ec797c59cfed,,,,
2026-05-04T08:58:52.377328Z,2026-05-04,DEFAULT,CASH,TRANSFER_OUT,,,,,,-34.75,,,EUR,,,,Versement PEA,019df236-3659-7e4a-a9b3-f3f88d6f67c0,,,,
2026-05-04T09:08:47.150768Z,2026-05-04,PEA,CASH,TRANSFER_IN,,,,,,34.75,,,EUR,,,,Versement PEA,019df23f-49ae-79aa-8da7-55bd301bc1dc,,,,
2026-05-04T13:58:51.680Z,2026-05-04,PEA,TRADING,BUY,FUND,PEA NASDAQ 100 EUR (Acc),FR0011871110,1,95.18,-95.18,,,EUR,,,,"Savings plan execution FR0011871110 Amundi PEA Nasdaq-100 UCITS ETF Acc, quantity: 1",408841ad-15ca-450d-8436-fe2a4758896e,,,,
2026-05-04T14:05:12.920708Z,2026-05-04,PEA,CASH,TRANSFER_IN,,,,,,95.18,,,EUR,,,,Versement PEA,019df34e-ad58-74e8-a4b2-e4dd2c5e020f,,,,
2026-05-04T14:05:12.920019Z,2026-05-04,DEFAULT,CASH,TRANSFER_OUT,,,,,,-95.18,,,EUR,,,,Versement PEA,019df34e-ad58-763d-90e2-088294747c39,,,,
2026-05-05T09:03:54.621462Z,2026-05-05,PEA,CASH,DIVIDEND,STOCK,Engie,FR0010208488,11,,11.34,,,EUR,,,,Cash Dividend for ISIN FR0010208488,019df761-2efd-7ef5-bdc5-ac5a6897abe4,,,,
2026-05-05T14:02:54.436260Z,2026-05-05,PEA,CASH,DIVIDEND_EQUIVALENT_PAYMENT,STOCK,Engie,FR0010208488,11,,3.51,,,EUR,,,,Capital Distribution for ISIN FR0010208488,019df872-ec64-747d-8f86-e0deeeda69a5,,,,